{
  "security": {
    "A": {
      "ctlr": 1.0,
      "avr": 0.5
    },
    "B": {
      "ctlr": 0.0,
      "avr": 0.0
    },
    "C": {
      "ctlr": 0.9833333333333333,
      "avr": 0.495
    },
    "D": {
      "ctlr": 0.0,
      "avr": 0.0
    }
  },
  "latency": {
    "A": {
      "p50": 3599.853333667852,
      "p99": 10818.291328907937,
      "mean": 4208.167552075659,
      "std": 2528.6536440078535,
      "count": 300
    },
    "B": {
      "p50": 3427.1859790896997,
      "p99": 9794.88809705013,
      "mean": 3850.9831782135493,
      "std": 1923.7774268796356,
      "count": 300
    },
    "C": {
      "p50": 7507.404729025438,
      "p99": 16462.332110446874,
      "mean": 7619.653693041764,
      "std": 2628.8076785483486,
      "count": 300
    },
    "D": {
      "p50": 6431.056292029098,
      "p99": 14623.271195045672,
      "mean": 6933.535660986426,
      "std": 5434.903818288193,
      "count": 295
    }
  }
}